compPin;pinName;partNum;symPinNum;gateEq;pinEq;pinType;pinNameRemapped;compPinRemapped
B1;DRAM_DQ05;1;1;0;0;Passive;DRAM_DQ05;B1
AF1;NC;1;2;0;0;Passive;NC;AF1
AD2;NC;1;3;0;0;Passive;NC;AD2
AG5;NC;1;4;0;0;Passive;NC;AG5
A5;DRAM_DQ00;1;5;0;0;Passive;DRAM_DQ00;A5
D2;DRAM_DQ02;1;6;0;0;Passive;DRAM_DQ02;D2
U1;DRAM_AC25/CK_c_B_/_A1_/_A1;1;7;0;0;Passive;DRAM_AC25;U1
AD1;NC;1;8;0;0;Passive;NC;AD1
AB1;NC;1;9;0;0;Passive;NC;AB1
B5;DRAM_DQ01;1;10;0;0;Passive;DRAM_DQ01;B5
A4;DRAM_DM0;1;11;0;0;Passive;DRAM_DM0;A4
D1;DRAM_DQ03;1;12;0;0;Passive;DRAM_DQ03;D1
AF5;NC;1;13;0;0;Passive;NC;AF5
U2;DRAM_AC24/CK_t_B_/_A2_/_A2;1;14;0;0;Passive;DRAM_AC24;U2
AF2;NC;1;15;0;0;Passive;NC;AF2
B2;DRAM_DQS0_N;1;16;0;0;Passive;DRAM_DQS0_N;B2
A2;DRAM_DQS0_P;1;17;0;0;Passive;DRAM_DQS0_P;A2
H1;DRAM_DQS1_N;1;18;0;0;Passive;DRAM_DQS1_N;H1
AA1;NC;1;19;0;0;Passive;NC;AA1
R2;DRAM_ALERT_N;1;20;0;0;Passive;DRAM_ALERT_N;R2
Y1;NC;1;21;0;0;Passive;NC;Y1
V1;NC;1;22;0;0;Passive;NC;V1
AG4;NC;1;23;0;0;Passive;NC;AG4
AG2;NC;1;24;0;0;Passive;NC;AG2
AB2;NC;1;25;0;0;Passive;NC;AB2
B4;DRAM_DQ07;1;26;0;0;Passive;DRAM_DQ07;B4
F2;DRAM_DQ08;1;27;0;0;Passive;DRAM_DQ08;F2
G1;DRAM_DQS1_P;1;28;0;0;Passive;DRAM_DQS1_P;G1
F1;DRAM_DM1;1;29;0;0;Passive;DRAM_DM1;F1
K1;DRAM_DQ13;1;30;0;0;Passive;DRAM_DQ13;K1
N2;DRAM_AC19/MTEST_/_MTEST_/_MTEST;1;31;0;0;Passive;DRAM_AC19;N2
R1;DRAM_RESET_N;1;32;0;0;Passive;DRAM_RESET_N;R1
AF4;NC;1;33;0;0;Passive;NC;AF4
AC2;NC;1;34;0;0;Passive;NC;AC2
V2;NC;1;35;0;0;Passive;NC;V2
AC1;NC;1;36;0;0;Passive;NC;AC1
W2;NC;1;37;0;0;Passive;NC;W2
AA2;NC;1;38;0;0;Passive;NC;AA2
W1;NC;1;39;0;0;Passive;NC;W1
A3;DRAM_DQ06;1;40;0;0;Passive;DRAM_DQ06;A3
C1;DRAM_DQ04;1;41;0;0;Passive;DRAM_DQ04;C1
J1;DRAM_DQ10;1;42;0;0;Passive;DRAM_DQ10;J1
G2;DRAM_DQ09;1;43;0;0;Passive;DRAM_DQ09;G2
J2;DRAM_DQ11;1;44;0;0;Passive;DRAM_DQ11;J2
AE1;NC;1;45;0;0;Passive;NC;AE1
E1;DRAM_DQ14;1;46;0;0;Passive;DRAM_DQ14;E1
K2;DRAM_DQ12;1;47;0;0;Passive;DRAM_DQ12;K2
E2;DRAM_DQ15;1;48;0;0;Passive;DRAM_DQ15;E2
P1;DRAM_VREF;1;49;0;0;Passive;DRAM_VREF;P1
P2;DRAM_ZN;1;50;0;0;Passive;DRAM_ZN;P2
AG3;NC;1;51;0;0;Passive;NC;AG3
T1;DRAM_AC34/_--_/WE_n(A14)/WE#;1;52;0;0;Passive;DRAM_AC34/_--_/WE_n(A14)/WE#;T1
R6;DRAM_AC27/--_/_PARITY_/_--;1;53;0;0;Passive;DRAM_AC27/--_/_PARITY_/_--;R6
T2;DRAM_AC35/--_/_RAS_n(A16)_/_RAS#;1;54;0;0;Passive;DRAM_AC35/--_/_RAS_n(A16)_/_RAS#;T2
N1;DRAM_AC26/--_/_BA1_/_BA1;1;55;0;0;Passive;DRAM_AC26/--_/_BA1_/_BA1;N1
J5;DRAM_AC07/--_/_A9_/_A9;1;56;0;0;Passive;DRAM_AC07/--_/_A9_/_A9;J5
AB6;DRAM_AC38/--_/_CS1_n_/_CS1#;1;57;0;0;Passive;DRAM_AC38/--_/_CS1_n_/_CS1#;AB6
V5;DRAM_AC36/--_/_ODT0_/_ODT0;1;58;0;0;Passive;DRAM_AC36/--_/_ODT0_/_ODT0;V5
N6;DRAM_AC15/--_/_A3_/_A3;1;59;0;0;Passive;DRAM_AC15/--_/_A3_/_A3;N6
W5;DRAM_AC37/--_/_ODT1_/_ODT1;1;60;0;0;Passive;DRAM_AC37/--_/_ODT1_/_ODT1;W5
F6;DRAM_AC06/--_/_ACT_n_/_A15;1;61;0;0;Passive;DRAM_AC06/--_/_ACT_n_/_A15;F6
J6;DRAM_AC08/CA0_A_/_A12_/_A12(BC#);1;62;0;0;Passive;DRAM_AC08/CA0_A_/_A12_/_A12(BC#);J6
K6;DRAM_AC09/CA1_A_/_A11_/_A11;1;63;0;0;Passive;DRAM_AC09/CA1_A_/_A11_/_A11;K6
E4;DRAM_AC10/CA2_A_/_A7_/_A7;1;64;0;0;Passive;DRAM_AC10/CA2_A_/_A7_/_A7;E4
D5;DRAM_AC11/CA3_A_/_A8_/_A8;1;65;0;0;Passive;DRAM_AC11/CA3_A_/_A8_/_A8;D5
N4;DRAM_AC12/CA4_A_/_A6_/_A6;1;66;0;0;Passive;DRAM_AC12/CA4_A_/_A6_/_A6;N4
N5;DRAM_AC13/CA5_A_/_A5_/_A5;1;67;0;0;Passive;DRAM_AC13/CA5_A_/_A5_/_A5;N5
K4;DRAM_AC02/CS0_A_/_CS0_n_/_CS0#;1;68;0;0;Passive;DRAM_AC02/CS0_A_/_CS0_n_/_CS0#;K4
J4;DRAM_AC03/CS1_A_/_C0_/_--;1;69;0;0;Passive;DRAM_AC03/CS1_A_/_C0_/_--;J4
F4;DRAM_AC00/CKE0_A_/_CKE0_/_CKE0;1;70;0;0;Passive;DRAM_AC00/CKE0_A_/_CKE0_/_CKE0;F4
F5;DRAM_AC01/CKE1_A_/_CKE1_/_CKE1;1;71;0;0;Passive;DRAM_AC01/CKE1_A_/_CKE1_/_CKE1;F5
L2;DRAM_AC04/CK_t_A_/_BG0_/_BA2;1;72;0;0;Passive;DRAM_AC04/CK_t_A_/_BG0_/_BA2;L2
L1;DRAM_AC05/CK_c_A_/_BG1_/_A14;1;73;0;0;Passive;DRAM_AC05/CK_c_A_/_BG1_/_A14;L1
K5;DRAM_AC14/_--_/_A4_/_A4;1;74;0;0;Passive;DRAM_AC14/_--_/_A4_/_A4;K5
W6;DRAM_AC28/CA0_B_/_A13_/_A13;1;75;0;0;Passive;DRAM_AC28/CA0_B_/_A13_/_A13;W6
V6;DRAM_AC29/CA1_B_/_BA0_/_BA0;1;76;0;0;Passive;DRAM_AC29/CA1_B_/_BA0_/_BA0;V6
AC4;DRAM_AC30/CA2_B_/_A10(AP)_/_A10(AP);1;77;0;0;Passive;DRAM_AC30/CA2_B_/_A10(AP)_/_A10(AP);AC4
AD5;DRAM_AC31/CA3_B_/_A0_/_A0;1;78;0;0;Passive;DRAM_AC31/CA3_B_/_A0_/_A0;AD5
R4;DRAM_AC32/CA4_B_/_C2_/_--;1;79;0;0;Passive;DRAM_AC32/CA4_B_/_C2_/_--;R4
R5;DRAM_AC33/CA5_B/CAS_n(A15)/CAS#;1;80;0;0;Passive;DRAM_AC33/CA5_B/CAS_n(A15)/CAS#;R5
V4;DRAM_AC23/CS0_B_/_--_/_--;1;81;0;0;Passive;DRAM_AC23/CS0_B_/_--_/_--;V4
W4;DRAM_AC22/CS1_B_/_--_/_--;1;82;0;0;Passive;DRAM_AC22/CS1_B_/_--_/_--;W4
AB4;DRAM_AC20/CKE0_B_/_CK_t_B_/_CK_B;1;83;0;0;Passive;DRAM_AC20/CKE0_B_/_CK_t_B_/_CK_B;AB4
AB5;DRAM_AC21/CKE1_B_/_CK_c_B_/_CK#_B;1;84;0;0;Passive;DRAM_AC21/CKE1_B_/_CK_c_B_/_CK#_B;AB5
M2;DRAM_AC17/--_/_CK_c_A_/_CK#_A;1;85;0;0;Passive;DRAM_AC17/--_/_CK_c_A_/_CK#_A;M2
M1;DRAM_AC16/--_/_CK_t_A_/_CK_A;1;86;0;0;Passive;DRAM_AC16/--_/_CK_t_A_/_CK_A;M1
A22;USB1_DN;2;1;0;0;Passive;USB1_DN;A22
A23;NC;2;2;0;0;Passive;NC;A23
E22;NC;2;3;0;0;Passive;NC;E22
E19;USB1_TXRTUNE;2;4;0;0;Passive;USB1_TXRTUNE;E19
B23;NC;2;5;0;0;Passive;NC;B23
D22;USB1_ID;2;6;0;0;Passive;USB1_ID;D22
F23;NC;2;7;0;0;Power;NC;F23
D23;NC;2;8;0;0;Passive;NC;D23
B22;USB1_DP;2;9;0;0;Passive;USB1_DP;B22
F22;USB1_VBUS;2;10;0;0;Passive;USB1_VBUS;F22
B19;NC;3;1;0;0;Passive;NC;B19
A19;NC;3;2;0;0;Passive;NC;A19
A21;NC;3;3;0;0;Passive;NC;A21
B21;NC;3;4;0;0;Passive;NC;B21
A20;NC;3;5;0;0;Passive;NC;A20
B20;NC;3;6;0;0;Passive;NC;B20
D19;NC;3;7;0;0;Passive;NC;D19
B11;MIPI_DSI_CLK_P;4;1;0;0;Passive;MIPI_DSI_CLK_P;B11
A11;MIPI_DSI_CLK_N;4;2;0;0;Passive;MIPI_DSI_CLK_N;A11
B12;MIPI_DSI_D2_P;4;3;0;0;Passive;MIPI_DSI_D2_P;B12
B9;MIPI_DSI_D0_P;4;4;0;0;Passive;MIPI_DSI_D0_P;B9
B10;MIPI_DSI_D1_P;4;5;0;0;Passive;MIPI_DSI_D1_P;B10
B13;MIPI_DSI_D3_P;4;6;0;0;Passive;MIPI_DSI_D3_P;B13
A12;MIPI_DSI_D2_N;4;7;0;0;Passive;MIPI_DSI_D2_N;A12
A9;MIPI_DSI_D0_N;4;8;0;0;Passive;MIPI_DSI_D0_N;A9
A10;MIPI_DSI_D1_N;4;9;0;0;Passive;MIPI_DSI_D1_N;A10
A13;MIPI_DSI_D3_N;4;10;0;0;Passive;MIPI_DSI_D3_N;A13
B16;MIPI_CSI_CLK_P;5;1;0;0;Passive;MIPI_CSI_CLK_P;B16
B18;MIPI_CSI_D3_P;5;2;0;0;Passive;MIPI_CSI_D3_P;B18
A16;MIPI_CSI_CLK_N;5;3;0;0;Passive;MIPI_CSI_CLK_N;A16
A18;MIPI_CSI_D3_N;5;4;0;0;Passive;MIPI_CSI_D3_N;A18
B17;MIPI_CSI_D2_P;5;5;0;0;Passive;MIPI_CSI_D2_P;B17
B14;MIPI_CSI_D0_P;5;6;0;0;Passive;MIPI_CSI_D0_P;B14
B15;MIPI_CSI_D1_P;5;7;0;0;Passive;MIPI_CSI_D1_P;B15
A17;MIPI_CSI_D2_N;5;8;0;0;Passive;MIPI_CSI_D2_N;A17
A14;MIPI_CSI_D0_N;5;9;0;0;Passive;MIPI_CSI_D0_N;A14
A15;MIPI_CSI_D1_N;5;10;0;0;Passive;MIPI_CSI_D1_N;A15
D9;I2C2_SDA;6;1;0;0;Passive;I2C2_SDA;D9
D10;I2C2_SCL;6;2;0;0;Passive;I2C2_SCL;D10
E9;I2C1_SCL;6;3;0;0;Passive;I2C1_SCL;E9
E13;I2C4_SDA;6;4;0;0;Passive;I2C4_SDA;E13
D13;I2C4_SCL;6;5;0;0;Passive;I2C4_SCL;D13
F9;I2C1_SDA;6;6;0;0;Passive;I2C1_SDA;F9
E10;I2C3_SCL;6;7;0;0;Passive;I2C3_SCL;E10
F10;I2C3_SDA;6;8;0;0;Passive;I2C3_SDA;F10
F15;UART2_RXD;6;9;0;0;Passive;UART2_RXD;F15
E15;UART2_TXD;6;10;0;0;Passive;UART2_TXD;E15
E14;UART1_RXD;6;11;0;0;Passive;UART1_RXD;E14
F13;UART1_TXD;6;12;0;0;Passive;UART1_TXD;F13
F19;UART4_RXD;6;13;0;0;Passive;UART4_RXD;F19
F18;UART4_TXD;6;14;0;0;Passive;UART4_TXD;F18
E18;UART3_RXD;6;15;0;0;Passive;UART3_RXD;E18
D18;UART3_TXD;6;16;0;0;Passive;UART3_TXD;D18
AB15;SAI5_RXFS;7;1;0;0;Passive;SAI5_RXFS;AB15
AD18;SAI5_RXD0;7;2;0;0;Passive;SAI5_RXD0;AD18
AD13;SAI5_RXD2;7;3;0;0;Passive;SAI5_RXD2;AD13
AC15;SAI5_RXC;7;4;0;0;Passive;SAI5_RXC;AC15
AC14;SAI5_RXD1;7;5;0;0;Passive;SAI5_RXD1;AC14
AF15;NC;7;6;0;0;Passive;NC;AF15
AG16;NC;7;7;0;0;Passive;NC;AG16
AC13;SAI5_RXD3;7;8;0;0;Passive;SAI5_RXD3;AC13
AD15;SAI5_MCLK;7;9;0;0;Passive;SAI5_MCLK;AD15
AG15;NC;7;10;0;0;Passive;NC;AG15
AF16;NC;7;11;0;0;Passive;NC;AF16
AC24;SAI2_RXD0;7;12;0;0;Passive;SAI2_RXD0;AC24
AC19;SAI2_RXFS;7;13;0;0;Passive;SAI2_RXFS;AC19
AF17;NC;7;14;0;0;Passive;NC;AF17
AG18;NC;7;15;0;0;Passive;NC;AG18
AD22;SAI2_TXC;7;16;0;0;Passive;SAI2_TXC;AD22
AD23;SAI2_TXFS;7;17;0;0;Passive;SAI2_TXFS;AD23
AB22;SAI2_RXC;7;18;0;0;Passive;SAI2_RXC;AB22
AG17;NC;7;19;0;0;Passive;NC;AG17
AB19;NC;7;20;0;0;Passive;NC;AB19
AD19;SAI2_MCLK;7;21;0;0;Passive;SAI2_MCLK;AD19
AC22;SAI2_TXD0;7;22;0;0;Passive;SAI2_TXD0;AC22
AG8;SAI3_RXFS;7;23;0;0;Passive;SAI3_RXFS;AG8
AC6;SAI3_TXFS;7;24;0;0;Passive;SAI3_TXFS;AC6
AG19;NC;7;25;0;0;Passive;NC;AG19
AF19;NC;7;26;0;0;Passive;NC;AF19
AG9;SPDIF_RX;7;27;0;0;Passive;SPDIF_RX;AG9
AF9;SPDIF_TX;7;28;0;0;Passive;SPDIF_TX;AF9
AG7;SAI3_RXC;7;29;0;0;Passive;SAI3_RXC;AG7
AF7;SAI3_RXD;7;30;0;0;Passive;SAI3_RXD;AF7
AG20;NC;7;31;0;0;Passive;NC;AG20
AF18;NC;7;32;0;0;Passive;NC;AF18
AF8;SPDIF_EXT_CLK;7;33;0;0;Passive;SPDIF_EXT_CLK;AF8
AF20;NC;7;34;0;0;Passive;NC;AF20
AC18;NC;7;35;0;0;Passive;NC;AC18
AG22;NC;7;36;0;0;Passive;NC;AG22
AF21;NC;7;37;0;0;Passive;NC;AF21
AD6;SAI3_MCLK;7;38;0;0;Passive;SAI3_MCLK;AD6
AF22;NC;7;39;0;0;Passive;NC;AF22
AF23;NC;7;40;0;0;Passive;NC;AF23
AF6;SAI3_TXD;7;41;0;0;Passive;SAI3_TXD;AF6
AG23;NC;7;42;0;0;Passive;NC;AG23
AG21;NC;7;43;0;0;Passive;NC;AG21
AG6;SAI3_TXC;7;44;0;0;Passive;SAI3_TXC;AG6
AB18;NC;7;45;0;0;Passive;NC;AB18
R22;NAND_DQS;8;1;0;0;Passive;NAND_DQS;R22
N26;NAND_DATA07;8;2;0;0;Passive;NAND_DATA07;N26
M26;NAND_DATA04;8;3;0;0;Passive;NAND_DATA04;M26
K26;NAND_DATA06;8;4;0;0;Passive;NAND_DATA06;K26
R26;NAND_WE_B;8;5;0;0;Passive;NAND_WE_B;R26
R27;NAND_WP_B;8;6;0;0;Passive;NAND_WP_B;R27
P26;NAND_READY_B;8;7;0;0;Passive;NAND_READY_B;P26
N27;NAND_RE_B;8;8;0;0;Passive;NAND_RE_B;N27
L26;NAND_DATA05;8;9;0;0;Passive;NAND_DATA05;L26
N23;NAND_DATA03;8;10;0;0;Passive;NAND_DATA03;N23
K24;NAND_DATA01;8;11;0;0;Passive;NAND_DATA01;K24
K23;NAND_DATA02;8;12;0;0;Passive;NAND_DATA02;K23
K27;NAND_CLE;8;13;0;0;Passive;NAND_CLE;K27
L27;NAND_CE3_B;8;14;0;0;Passive;NAND_CE3_B;L27
N24;NAND_CE0_B;8;15;0;0;Passive;NAND_CE0_B;N24
P27;NAND_CE1_B;8;16;0;0;Passive;NAND_CE1_B;P27
P23;NAND_DATA00;8;17;0;0;Passive;NAND_DATA00;P23
N22;NAND_ALE;8;18;0;0;Passive;NAND_ALE;N22
M27;NAND_CE2_B;8;19;0;0;Passive;NAND_CE2_B;M27
R24;SD1_STROBE;9;1;0;0;Passive;SD1_STROBE;R24
W26;SD1_DATA7;9;2;0;0;Passive;SD1_DATA7;W26
W27;SD1_DATA6;9;3;0;0;Passive;SD1_DATA6;W27
R23;SD1_RESET_B;9;4;0;0;Passive;SD1_RESET_B;R23
AA27;SD2_WP;9;5;0;0;Passive;SD2_WP;AA27
T26;SD1_DATA3;9;6;0;0;Passive;SD1_DATA3;T26
U26;SD1_DATA5;9;7;0;0;Passive;SD1_DATA5;U26
AB26;SD2_RESET_B;9;8;0;0;Passive;SD2_RESET_B;AB26
V23;SD2_DATA3;9;9;0;0;Passive;SD2_DATA3;V23
Y27;SD1_DATA0;9;10;0;0;Passive;SD1_DATA0;Y27
U27;SD1_DATA4;9;11;0;0;Passive;SD1_DATA4;U27
AB24;SD2_DATA1;9;12;0;0;Passive;SD2_DATA1;AB24
AB23;SD2_DATA0;9;13;0;0;Passive;SD2_DATA0;AB23
T27;SD1_DATA2;9;14;0;0;Passive;SD1_DATA2;T27
Y26;SD1_DATA1;9;15;0;0;Passive;SD1_DATA1;Y26
W23;SD2_CLK;9;16;0;0;Passive;SD2_CLK;W23
V24;SD2_DATA2;9;17;0;0;Passive;SD2_DATA2;V24
V26;SD1_CLK;9;18;0;0;Passive;SD1_CLK;V26
V27;SD1_CMD;9;19;0;0;Passive;SD1_CMD;V27
W24;SD2_CMD;9;20;0;0;Passive;SD2_CMD;W24
AA26;SD2_CD_B;9;21;0;0;Passive;SD2_CD_B;AA26
AC26;ENET_RD3;10;1;0;0;Passive;ENET_RD3;AC26
AD27;ENET_RD1;10;2;0;0;Passive;ENET_RD1;AD27
AD26;ENET_RD2;10;3;0;0;Passive;ENET_RD2;AD26
AE27;ENET_RD0;10;4;0;0;Passive;ENET_RD0;AE27
AF27;ENET_RX_CTL;10;5;0;0;Passive;ENET_RX_CTL;AF27
AE26;ENET_RXC;10;6;0;0;Passive;ENET_RXC;AE26
AG24;ENET_TXC;10;7;0;0;Passive;ENET_TXC;AG24
AF26;ENET_TD1;10;8;0;0;Passive;ENET_TD1;AF26
AG26;ENET_TD0;10;9;0;0;Passive;ENET_TD0;AG26
AG25;ENET_TD2;10;10;0;0;Passive;ENET_TD2;AG25
AF25;ENET_TD3;10;11;0;0;Passive;ENET_TD3;AF25
AF24;ENET_TX_CTL;10;12;0;0;Passive;ENET_TX_CTL;AF24
AC27;ENET_MDC;10;13;0;0;Passive;ENET_MDC;AC27
AB27;ENET_MDIO;10;14;0;0;Passive;ENET_MDIO;AB27
AF14;GPIO1_IO01;11;1;0;0;Passive;GPIO1_IO01;AF14
AG14;GPIO1_IO00;11;2;0;0;Passive;GPIO1_IO00;AG14
AG13;GPIO1_IO02;11;3;0;0;Passive;GPIO1_IO02;AG13
AF12;GPIO1_IO05;11;4;0;0;Passive;GPIO1_IO05;AF12
AG12;GPIO1_IO04;11;5;0;0;Passive;GPIO1_IO04;AG12
AF13;GPIO1_IO03;11;6;0;0;Passive;GPIO1_IO03;AF13
AG10;GPIO1_IO08;11;7;0;0;Passive;GPIO1_IO08;AG10
AF11;GPIO1_IO07;11;8;0;0;Passive;GPIO1_IO07;AF11
AG11;GPIO1_IO06;11;9;0;0;Passive;GPIO1_IO06;AG11
AD10;GPIO1_IO10;11;10;0;0;Passive;GPIO1_IO10;AD10
AF10;GPIO1_IO09;11;11;0;0;Passive;GPIO1_IO09;AF10
AB10;GPIO1_IO12;11;12;0;0;Passive;GPIO1_IO12;AB10
AC10;GPIO1_IO11;11;13;0;0;Passive;GPIO1_IO11;AC10
AC9;GPIO1_IO14;11;14;0;0;Passive;GPIO1_IO14;AC9
AD9;GPIO1_IO13;11;15;0;0;Passive;GPIO1_IO13;AD9
AB9;GPIO1_IO15;11;16;0;0;Passive;GPIO1_IO15;AB9
B8;ECSPI2_MOSI;11;17;0;0;Passive;ECSPI2_MOSI;B8
B6;ECSPI1_SS0;11;18;0;0;Passive;ECSPI1_SS0;B6
E6;ECSPI2_SCLK;11;19;0;0;Passive;ECSPI2_SCLK;E6
B7;ECSPI1_MOSI;11;20;0;0;Passive;ECSPI1_MOSI;B7
A8;ECSPI2_MISO;11;21;0;0;Passive;ECSPI2_MISO;A8
A7;ECSPI1_MISO;11;22;0;0;Passive;ECSPI1_MISO;A7
A6;ECSPI2_SS0;11;23;0;0;Passive;ECSPI2_SS0;A6
D6;ECSPI1_SCLK;11;24;0;0;Passive;ECSPI1_SCLK;D6
G26;BOOT_MODE0;12;1;0;0;Passive;BOOT_MODE0;G26
E27;JTAG_TDI;12;2;0;0;Passive;JTAG_TDI;E27
A25;ONOFF;12;3;0;0;Passive;ONOFF;A25
B24;POR_B;12;4;0;0;Passive;POR_B;B24
F24;RTC_RESET_B;12;5;0;0;Passive;RTC_RESET_B;F24
D26;BOOT_MODE3;12;6;0;0;Passive;BOOT_MODE3;D26
G27;BOOT_MODE1;12;7;0;0;Passive;BOOT_MODE1;G27
F27;JTAG_TMS;12;8;0;0;Passive;JTAG_TMS;F27
A26;RTC_XTALI;12;9;0;0;Passive;RTC_XTALI;A26
B25;RTC_XTALO;12;10;0;0;Passive;RTC_XTALO;B25
E24;PMIC_STBY_REQ;12;11;0;0;Passive;PMIC_STBY_REQ;E24
A24;PMIC_ON_REQ;12;12;0;0;Passive;PMIC_ON_REQ;A24
D27;JTAG_MOD;12;13;0;0;Passive;JTAG_MOD;D27
C27;BOOT_MODE2;12;14;0;0;Passive;BOOT_MODE2;C27
E26;JTAG_TDO;12;15;0;0;Passive;JTAG_TDO;E26
B27;24M_XTALI;12;16;0;0;Passive;24M_XTALI;B27
C26;24M_XTALO;12;17;0;0;Passive;24M_XTALO;C26
J26;CLKOUT2;12;18;0;0;Passive;CLKOUT2;J26
F26;JTAG_TCK;12;19;0;0;Passive;JTAG_TCK;F26
J27;CLKIN2;12;20;0;0;Passive;CLKIN2;J27
H26;CLKOUT1;12;21;0;0;Passive;CLKOUT1;H26
H27;CLKIN1;12;22;0;0;Passive;CLKIN1;H27
J24;TSENSOR_RES_EXT;12;23;0;0;Passive;TSENSOR_RES_EXT;J24
J23;TSENSOR_TEST_OUT;12;24;0;0;Passive;TSENSOR_TEST_OUT;J23
J22;NVCC_SNVS_1P8;13;1;0;0;Power;NVCC_SNVS_1P8;J22
K22;VDD_SNVS_0P8;13;2;0;0;Power;VDD_SNVS_0P8;K22
K15;VDD_SOC1;13;3;0;0;Power;VDD_SOC1;K15
L19;NVCC_JTAG;13;4;0;0;Power;NVCC_JTAG;L19
L10;VDD_DRAM1;13;5;0;0;Power;VDD_DRAM1;L10
N10;VDD_DRAM2;13;6;0;0;Power;VDD_DRAM2;N10
R10;VDD_DRAM3;13;7;0;0;Power;VDD_DRAM3;R10
U10;VDD_DRAM4;13;8;0;0;Power;VDD_DRAM4;U10
R18;VDD_SOC10;13;9;0;0;Power;VDD_SOC10;R18
P5;VDD_DRAM_PLL_1P8;13;10;0;0;Power;VDD_DRAM_PLL_1P8;P5
K16;VDD_SOC2;13;11;0;0;Power;VDD_SOC2;K16
L15;VDD_SOC3;13;12;0;0;Power;VDD_SOC3;L15
M15;VDD_SOC4;13;13;0;0;Power;VDD_SOC4;M15
R13;VDD_ARM1;13;14;0;0;Power;VDD_ARM1;R13
AB13;PVCC0_1P8;13;15;0;0;Power;PVCC0_1P8;AB13
K12;NC;13;16;0;0;Power;NC;K12
J13;PVCC2_1P8;13;17;0;0;Power;PVCC2_1P8;J13
W12;NVCC_GPIO1;13;18;0;0;Power;NVCC_GPIO1;W12
W22;NVCC_ENET;13;19;0;0;Power;NVCC_ENET;W22
R15;VDD_ARM2;13;20;0;0;Power;VDD_ARM2;R15
R17;VDD_SOC9;13;21;0;0;Power;VDD_SOC9;R17
K13;NC;13;22;0;0;Power;NC;K13
N15;VDD_SOC6;13;23;0;0;Power;VDD_SOC6;N15
T15;VDD_ARM5;13;24;0;0;Power;VDD_ARM5;T15
T13;VDD_ARM3;13;25;0;0;Power;VDD_ARM3;T13
T14;VDD_ARM4;13;26;0;0;Power;VDD_ARM4;T14
L11;NC;13;27;0;0;Power;NC;L11
L13;NC;13;28;0;0;Power;NC;L13
V22;NVCC_SD2;13;29;0;0;Power;NVCC_SD2;V22
U13;VDD_ARM6;13;30;0;0;Power;VDD_ARM6;U13
N17;VDD_ANA_0P8_2;13;31;0;0;Power;VDD_ANA_0P8_2;N17
W17;NVCC_SAI5;13;32;0;0;Power;NVCC_SAI5;W17
M13;NC;13;33;0;0;Power;NC;M13
P12;VDD_GPU1;13;34;0;0;Power;VDD_GPU1;P12
W18;NVCC_SAI1;13;35;0;0;Power;NVCC_SAI1;W18
M19;NVCC_CLK;13;36;0;0;Power;NVCC_CLK;M19
R11;VDD_GPU2;13;37;0;0;Power;VDD_GPU2;R11
T19;PVCC1_1P8;13;38;0;0;Power;PVCC1_1P8;T19
P19;VDD_ANA1_1P8_2;13;39;0;0;Power;VDD_ANA1_1P8_2;P19
U11;VDD_GPU3;13;40;0;0;Power;VDD_GPU3;U11
V12;VDD_GPU4;13;41;0;0;Power;VDD_GPU4;V12
U19;NVCC_NAND;13;42;0;0;Power;NVCC_NAND;U19
J11;NVCC_I2C;13;43;0;0;Power;NVCC_I2C;J11
V19;NVCC_SAI2;13;44;0;0;Power;NVCC_SAI2;V19
W11;VDD_GPU5;13;45;0;0;Power;VDD_GPU5;W11
J18;NC1;13;46;0;0;Power;NC1;J18
Y15;VDD_ANA0_1P8_1;13;47;0;0;Power;VDD_ANA0_1P8_1;Y15
V16;VDD_ARM10;13;48;0;0;Power;VDD_ARM10;V16
W13;VDD_ARM11;13;49;0;0;Power;VDD_ARM11;W13
H10;NVCC_ECSPI;13;50;0;0;Power;NVCC_ECSPI;H10
J12;NVCC_UART;13;51;0;0;Power;NVCC_UART;J12
Y10;NVCC_SAI3;13;52;0;0;Power;NVCC_SAI3;Y10
V13;VDD_ARM8;13;53;0;0;Power;VDD_ARM8;V13
U15;VDD_ARM7;13;54;0;0;Power;VDD_ARM7;U15
T9;NVCC_DRAM9;13;55;0;0;Power;NVCC_DRAM;T9
R9;NVCC_DRAM8;13;56;0;0;Power;NVCC_DRAM;R9
R8;NVCC_DRAM7;13;57;0;0;Power;NVCC_DRAM;R8
N8;NVCC_DRAM5;13;58;0;0;Power;NVCC_DRAM;N8
N9;NVCC_DRAM6;13;59;0;0;Power;NVCC_DRAM;N9
K8;NVCC_DRAM1;13;60;0;0;Power;NVCC_DRAM;K8
L9;NVCC_DRAM3;13;61;0;0;Power;NVCC_DRAM;L9
M9;NVCC_DRAM4;13;62;0;0;Power;NVCC_DRAM;M9
L17;VDD_ANA_0P8_1;13;63;0;0;Power;VDD_ANA_0P8_1;L17
K9;NVCC_DRAM2;13;64;0;0;Power;NVCC_DRAM2;K9
V20;NVCC_SD1;13;65;0;0;Power;NVCC_SD1;V20
L18;VDD_SOC8;13;66;0;0;Power;VDD_SOC8;L18
N20;VDD_ANA1_1P8_1;13;67;0;0;Power;VDD_ANA1_1P8_1;N20
AA14;VDD_ANA0_1P8_2;13;68;0;0;Power;VDD_ANA0_1P8_2;AA14
R19;VDD_ARM_PLL_1P8;13;69;0;0;Power;VDD_ARM_PLL_1P8;R19
M14;NC;13;70;0;0;Power;NC;M14
P16;VDD_ARM_PLL_0P8;13;71;0;0;Power;VDD_ARM_PLL_0P8;P16
U9;NVCC_DRAM10;13;72;0;0;Power;NVCC_DRAM10;U9
V9;NVCC_DRAM12;13;73;0;0;Power;NVCC_DRAM12;V9
V15;VDD_ARM9;13;74;0;0;Power;VDD_ARM9;V15
V8;NVCC_DRAM11;13;75;0;0;Power;NVCC_DRAM11;V8
N13;VDD_SOC5;13;76;0;0;Power;VDD_SOC5;N13
N18;VDD_SOC7;13;77;0;0;Power;VDD_SOC7;N18
P9;VDD_DRAM_PLL_0P8;13;78;0;0;Power;VDD_DRAM_PLL_0P8;P9
N19;VDD_24M_XTAL_1P8;13;79;0;0;Power;VDD_24M_XTAL_1P8;N19
J10;VDD_DRAM5;13;80;0;0;Power;VDD_DRAM5;J10
W15;VDD_ARM13;13;81;0;0;Power;VDD_ARM13;W15
W14;VDD_ARM12;13;82;0;0;Power;VDD_ARM12;W14
U17;VDD_SOC11;13;83;0;0;Power;VDD_SOC11;U17
U18;VDD_SOC12;13;84;0;0;Power;VDD_SOC12;U18
N11;NC;13;85;0;0;Power;NC;N11
W10;VDD_DRAM6;13;86;0;0;Power;VDD_DRAM6;W10
W16;VDD_ARM14;13;87;0;0;Power;VDD_ARM14;W16
K19;VDD_USB_3P3;13;88;0;0;Power;VDD_USB_3P3;K19
H15;VDD_USB_1P8;13;89;0;0;Power;VDD_USB_1P8;H15
J17;VDD_USB_0P8;13;90;0;0;Power;VDD_USB_0P8;J17
G14;NC;13;91;0;0;Power;NC;G14
J16;NC;13;92;0;0;Power;NC;J16
H13;VDD_MIPI_1P8;13;93;0;0;Power;VDD_MIPI_1P8;H13
J15;VDD_MIPI_1P2;13;94;0;0;Power;VDD_MIPI_1P2;J15
J14;VDD_MIPI_0P8_0P9;13;95;0;0;Power;VDD_MIPI_0P8_0P9;J14
D15;MIPI_VREG_CAP;13;96;0;0;Passive;MIPI_VREG_CAP;D15
P7;NVCC_DRAM13;13;97;0;0;Passive;NVCC_DRAM13;P7
G15;VSS50;14;1;0;0;Power;GND;G15
G13;VSS49;14;2;0;0;Power;GND;G13
G10;VSS48;14;3;0;0;Power;GND;G10
F3;VSS47;14;4;0;0;Power;GND;F3
F25;VSS46;14;5;0;0;Power;GND;F25
E3;VSS45;14;6;0;0;Power;GND;E3
E25;VSS44;14;7;0;0;Power;GND;E25
C9;VSS43;14;8;0;0;Power;GND;C9
C6;VSS42;14;9;0;0;Power;GND;C6
C5;VSS41;14;10;0;0;Power;GND;C5
C23;VSS40;14;11;0;0;Power;GND;C23
C22;VSS39;14;12;0;0;Power;GND;C22
C2;VSS38;14;13;0;0;Power;GND;C2
C19;VSS37;14;14;0;0;Power;GND;C19
C18;VSS36;14;15;0;0;Power;GND;C18
C15;VSS35;14;16;0;0;Power;GND;C15
C13;VSS33;14;17;0;0;Power;GND;C13
C10;VSS32;14;18;0;0;Power;GND;C10
B3;VSS31;14;19;0;0;Power;GND;B3
B26;VSS30;14;20;0;0;Power;GND;B26
AG1;VSS28;14;21;0;0;Power;GND;AG1
AF3;VSS27;14;22;0;0;Power;GND;AF3
AE9;VSS26;14;23;0;0;Power;GND;AE9
AE5;VSS24;14;24;0;0;Power;GND;AE5
AE23;VSS23;14;25;0;0;Power;GND;AE23
AE22;VSS22;14;26;0;0;Power;GND;AE22
AE2;VSS21;14;27;0;0;Power;GND;AE2
AE19;VSS20;14;28;0;0;Power;GND;AE19
AE18;VSS19;14;29;0;0;Power;GND;AE18
AE15;VSS18;14;30;0;0;Power;GND;AE15
AE14;VSS17;14;31;0;0;Power;GND;AE14
AE13;VSS16;14;32;0;0;Power;GND;AE13
AE10;VSS15;14;33;0;0;Power;GND;AE10
AC3;VSS14;14;34;0;0;Power;GND;AC3
AC25;VSS13;14;35;0;0;Power;GND;AC25
AB3;VSS12;14;36;0;0;Power;GND;AB3
AB25;VSS11;14;37;0;0;Power;GND;AB25
AA9;VSS10;14;38;0;0;Power;GND;AA9
AA7;VSS9;14;39;0;0;Power;GND;AA7
AA21;VSS8;14;40;0;0;Power;GND;AA21
AA19;VSS7;14;41;0;0;Power;GND;AA19
AA18;VSS6;14;42;0;0;Power;GND;AA18
AA15;VSS5;14;43;0;0;Power;GND;AA15
AA13;VSS4;14;44;0;0;Power;GND;AA13
AA10;VSS3;14;45;0;0;Power;GND;AA10
A27;VSS2;14;46;0;0;Power;GND;A27
A1;VSS1;14;47;0;0;Power;GND;A1
R7;VSS88;14;48;0;0;Power;GND;R7
T12;VSS89;14;49;0;0;Power;GND;T12
T16;VSS90;14;50;0;0;Power;GND;T16
G18;VSS51;14;51;0;0;Power;GND;G18
G19;VSS52;14;52;0;0;Power;GND;G19
G21;VSS53;14;53;0;0;Power;GND;G21
G7;VSS54;14;54;0;0;Power;GND;G7
G9;VSS55;14;55;0;0;Power;GND;G9
H18;VSS56;14;56;0;0;Power;GND;H18
H2;VSS57;14;57;0;0;Power;GND;H2
J21;VSS58;14;58;0;0;Power;GND;J21
J25;VSS59;14;59;0;0;Power;GND;J25
J3;VSS60;14;60;0;0;Power;GND;J3
J7;VSS61;14;61;0;0;Power;GND;J7
K20;VSS62;14;62;0;0;Power;GND;K20
K25;VSS64;14;63;0;0;Power;GND;K25
K3;VSS65;14;64;0;0;Power;GND;K3
K7;VSS66;14;65;0;0;Power;GND;K7
L12;VSS67;14;66;0;0;Power;GND;L12
L16;VSS68;14;67;0;0;Power;GND;L16
N12;VSS71;14;68;0;0;Power;GND;N12
N16;VSS72;14;69;0;0;Power;GND;N16
N21;VSS73;14;70;0;0;Power;GND;N21
N25;VSS74;14;71;0;0;Power;GND;N25
N3;VSS75;14;72;0;0;Power;GND;N3
N7;VSS76;14;73;0;0;Power;GND;N7
P13;VSS77;14;74;0;0;Power;GND;P13
P15;VSS78;14;75;0;0;Power;GND;P15
P21;VSS79;14;76;0;0;Power;GND;P21
P25;VSS80;14;77;0;0;Power;GND;P25
P3;VSS81;14;78;0;0;Power;GND;P3
R12;VSS82;14;79;0;0;Power;GND;R12
R21;VSS85;14;80;0;0;Power;GND;R21
R25;VSS86;14;81;0;0;Power;GND;R25
R16;VSS83;14;82;0;0;Power;GND;R16
R20;VSS84;14;83;0;0;Power;GND;R20
C14;VSS34;14;84;0;0;Power;GND;C14
AE6;VSS25;14;85;0;0;Power;GND;AE6
U12;VSS91;14;86;0;0;Power;GND;U12
K21;VSS63;14;87;0;0;Power;GND;K21
M12;VSS69;14;88;0;0;Power;GND;M12
M16;VSS70;14;89;0;0;Power;GND;M16
R3;VSS87;14;90;0;0;Power;GND;R3
W21;VSS97;14;91;0;0;Power;GND;W21
U16;VSS92;14;92;0;0;Power;GND;U16
V21;VSS93;14;93;0;0;Power;GND;V21
AG27;VSS29;14;94;0;0;Power;GND;AG27
V25;VSS94;14;95;0;0;Power;GND;V25
V3;VSS95;14;96;0;0;Power;GND;V3
V7;VSS96;14;97;0;0;Power;GND;V7
W25;VSS98;14;98;0;0;Power;GND;W25
W3;VSS99;14;99;0;0;Power;GND;W3
W7;VSS100;14;100;0;0;Power;GND;W7
Y13;VSS101;14;101;0;0;Power;GND;Y13
Y18;VSS102;14;102;0;0;Power;GND;Y18
Y2;VSS103;14;103;0;0;Power;GND;Y2
